{
  "source": "robust",
  "model": "Salman2020Do_R50",
  "image": "ILSVRC2012_val_00000194.JPEG",
  "mode": "opportunistic",
  "budget": 10000,
  "stability_threshold": 10,
  "iterations": 1,
  "success": true,
  "adversarial_class": 54,
  "true_label": 68,
  "switch_iteration": null,
  "locked_class": null,
  "confidence_history": {
    "iterations": [
      0,
      1
    ],
    "original_class": [
      0.13133150339126587,
      0.13133150339126587
    ],
    "max_other_class": [
      0.13675929605960846,
      0.13675929605960846
    ],
    "max_other_class_id": [
      54,
      54
    ],
    "top_classes": [
      {
        "54": 0.13675929605960846,
        "66": 0.09954680502414703,
        "57": 0.08279048651456833,
        "53": 0.07650218904018402,
        "58": 0.0687105804681778,
        "60": 0.06394106894731522,
        "52": 0.057651691138744354,
        "62": 0.053303077816963196,
        "67": 0.04227665439248085,
        "63": 0.036931294947862625
      },
      {
        "54": 0.13675929605960846,
        "66": 0.09954680502414703,
        "57": 0.08279048651456833,
        "53": 0.07650218904018402,
        "58": 0.0687105804681778,
        "60": 0.06394106894731522,
        "52": 0.057651691138744354,
        "62": 0.053303077816963196,
        "67": 0.04227665439248085,
        "63": 0.036931294947862625
      }
    ]
  },
  "timestamp": "2026-03-01T20:59:41.903722"
}