{
  "source": "robust",
  "model": "Salman2020Do_R50",
  "image": "ILSVRC2012_val_00000846.JPEG",
  "mode": "opportunistic",
  "budget": 10000,
  "stability_threshold": 10,
  "iterations": 41,
  "success": true,
  "adversarial_class": 50,
  "true_label": 49,
  "switch_iteration": null,
  "locked_class": null,
  "confidence_history": {
    "iterations": [
      0,
      1,
      2,
      3,
      4,
      5,
      6,
      7,
      8,
      9,
      10,
      11,
      12,
      13,
      14,
      15,
      16,
      17,
      18,
      19,
      20,
      21,
      22,
      23,
      24,
      25,
      26,
      27,
      28,
      29,
      30,
      31,
      32,
      33,
      34,
      35,
      36,
      37,
      38,
      39,
      40,
      41
    ],
    "original_class": [
      0.19547642767429352,
      0.19547642767429352,
      0.1479521095752716,
      0.1479521095752716,
      0.1479521095752716,
      0.1479521095752716,
      0.1479521095752716,
      0.1479521095752716,
      0.1479521095752716,
      0.1479521095752716,
      0.1479521095752716,
      0.1479521095752716,
      0.1479521095752716,
      0.1479521095752716,
      0.1479521095752716,
      0.1479521095752716,
      0.1479521095752716,
      0.1479521095752716,
      0.1479521095752716,
      0.1479521095752716,
      0.14716380834579468,
      0.14716380834579468,
      0.14716380834579468,
      0.14716380834579468,
      0.1334635317325592,
      0.1334635317325592,
      0.1334635317325592,
      0.1334635317325592,
      0.1334635317325592,
      0.1334635317325592,
      0.1334635317325592,
      0.1334635317325592,
      0.1334635317325592,
      0.1334635317325592,
      0.1334635317325592,
      0.1334635317325592,
      0.1334635317325592,
      0.1334635317325592,
      0.1334635317325592,
      0.1334635317325592,
      0.1334635317325592,
      0.17084446549415588
    ],
    "max_other_class": [
      0.10291329771280289,
      0.10291329771280289,
      0.11957868933677673,
      0.11957868933677673,
      0.11957868933677673,
      0.11957868933677673,
      0.11957868933677673,
      0.11957868933677673,
      0.11957868933677673,
      0.11957868933677673,
      0.11957868933677673,
      0.11957868933677673,
      0.11957868933677673,
      0.11957868933677673,
      0.11957868933677673,
      0.11957868933677673,
      0.11957868933677673,
      0.11957868933677673,
      0.11957868933677673,
      0.11957868933677673,
      0.12090083211660385,
      0.12090083211660385,
      0.12090083211660385,
      0.12090083211660385,
      0.10509951412677765,
      0.10509951412677765,
      0.10509951412677765,
      0.10509951412677765,
      0.10509951412677765,
      0.10509951412677765,
      0.10509951412677765,
      0.10509951412677765,
      0.10509951412677765,
      0.10509951412677765,
      0.10509951412677765,
      0.10509951412677765,
      0.10509951412677765,
      0.10509951412677765,
      0.10509951412677765,
      0.10509951412677765,
      0.10509951412677765,
      0.18270567059516907
    ],
    "max_other_class_id": [
      50,
      50,
      50,
      50,
      50,
      50,
      50,
      50,
      50,
      50,
      50,
      50,
      50,
      50,
      50,
      50,
      50,
      50,
      50,
      50,
      50,
      50,
      50,
      50,
      50,
      50,
      50,
      50,
      50,
      50,
      50,
      50,
      50,
      50,
      50,
      50,
      50,
      50,
      50,
      50,
      50,
      50
    ],
    "top_classes": [
      {
        "50": 0.10291329771280289,
        "133": 0.036908410489559174,
        "131": 0.026115521788597107,
        "141": 0.02563488855957985,
        "142": 0.024185389280319214,
        "337": 0.01673053577542305,
        "344": 0.016557592898607254,
        "137": 0.01454870030283928,
        "67": 0.014143516309559345,
        "135": 0.013889108784496784
      },
      {
        "50": 0.10291329771280289,
        "133": 0.036908410489559174,
        "131": 0.026115521788597107,
        "141": 0.02563488855957985,
        "142": 0.024185389280319214,
        "337": 0.01673053577542305,
        "344": 0.016557592898607254,
        "137": 0.01454870030283928,
        "67": 0.014143516309559345,
        "135": 0.013889108784496784
      },
      {
        "50": 0.11957868933677673,
        "131": 0.03801244869828224,
        "133": 0.03123638592660427,
        "344": 0.02319914847612381,
        "346": 0.02262434922158718,
        "135": 0.01948859915137291,
        "141": 0.019154341891407967,
        "337": 0.018652260303497314,
        "142": 0.018395990133285522,
        "137": 0.016995225101709366
      },
      {
        "50": 0.11957868933677673,
        "131": 0.03801244869828224,
        "133": 0.03123638592660427,
        "344": 0.02319914847612381,
        "346": 0.02262434922158718,
        "135": 0.01948859915137291,
        "141": 0.019154341891407967,
        "337": 0.018652260303497314,
        "142": 0.018395990133285522,
        "137": 0.016995225101709366
      },
      {
        "50": 0.11957868933677673,
        "131": 0.03801244869828224,
        "133": 0.03123638592660427,
        "344": 0.02319914847612381,
        "346": 0.02262434922158718,
        "135": 0.01948859915137291,
        "141": 0.019154341891407967,
        "337": 0.018652260303497314,
        "142": 0.018395990133285522,
        "137": 0.016995225101709366
      },
      {
        "50": 0.11957868933677673,
        "131": 0.03801244869828224,
        "133": 0.03123638592660427,
        "344": 0.02319914847612381,
        "346": 0.02262434922158718,
        "135": 0.01948859915137291,
        "141": 0.019154341891407967,
        "337": 0.018652260303497314,
        "142": 0.018395990133285522,
        "137": 0.016995225101709366
      },
      {
        "50": 0.11957868933677673,
        "131": 0.03801244869828224,
        "133": 0.03123638592660427,
        "344": 0.02319914847612381,
        "346": 0.02262434922158718,
        "135": 0.01948859915137291,
        "141": 0.019154341891407967,
        "337": 0.018652260303497314,
        "142": 0.018395990133285522,
        "137": 0.016995225101709366
      },
      {
        "50": 0.11957868933677673,
        "131": 0.03801244869828224,
        "133": 0.03123638592660427,
        "344": 0.02319914847612381,
        "346": 0.02262434922158718,
        "135": 0.01948859915137291,
        "141": 0.019154341891407967,
        "337": 0.018652260303497314,
        "142": 0.018395990133285522,
        "137": 0.016995225101709366
      },
      {
        "50": 0.11957868933677673,
        "131": 0.03801244869828224,
        "133": 0.03123638592660427,
        "344": 0.02319914847612381,
        "346": 0.02262434922158718,
        "135": 0.01948859915137291,
        "141": 0.019154341891407967,
        "337": 0.018652260303497314,
        "142": 0.018395990133285522,
        "137": 0.016995225101709366
      },
      {
        "50": 0.11957868933677673,
        "131": 0.03801244869828224,
        "133": 0.03123638592660427,
        "344": 0.02319914847612381,
        "346": 0.02262434922158718,
        "135": 0.01948859915137291,
        "141": 0.019154341891407967,
        "337": 0.018652260303497314,
        "142": 0.018395990133285522,
        "137": 0.016995225101709366
      },
      {
        "50": 0.11957868933677673,
        "131": 0.03801244869828224,
        "133": 0.03123638592660427,
        "344": 0.02319914847612381,
        "346": 0.02262434922158718,
        "135": 0.01948859915137291,
        "141": 0.019154341891407967,
        "337": 0.018652260303497314,
        "142": 0.018395990133285522,
        "137": 0.016995225101709366
      },
      {
        "50": 0.11957868933677673,
        "131": 0.03801244869828224,
        "133": 0.03123638592660427,
        "344": 0.02319914847612381,
        "346": 0.02262434922158718,
        "135": 0.01948859915137291,
        "141": 0.019154341891407967,