{
  "source": "robust",
  "model": "Salman2020Do_R50",
  "image": "ILSVRC2012_val_00001038.JPEG",
  "mode": "opportunistic",
  "budget": 10000,
  "stability_threshold": 10,
  "iterations": 1,
  "success": true,
  "adversarial_class": 111,
  "true_label": 57,
  "switch_iteration": null,
  "locked_class": null,
  "confidence_history": {
    "iterations": [
      0,
      1
    ],
    "original_class": [
      0.30083706974983215,
      0.21834740042686462
    ],
    "max_other_class": [
      0.15205460786819458,
      0.2825819253921509
    ],
    "max_other_class_id": [
      111,
      111
    ],
    "top_classes": [
      {
        "111": 0.15205460786819458,
        "52": 0.1344868689775467,
        "60": 0.06899998337030411,
        "65": 0.06734493374824524,
        "58": 0.035502027720212936,
        "54": 0.03504226729273796,
        "62": 0.026124505326151848,
        "53": 0.022841831669211388,
        "66": 0.01840328425168991,
        "68": 0.018005557358264923
      },
      {
        "111": 0.2825819253921509,
        "52": 0.11402348428964615,
        "60": 0.05773333087563515,
        "65": 0.05723391845822334,
        "58": 0.03425049036741257,
        "54": 0.03271397948265076,
        "62": 0.026761628687381744,
        "66": 0.01980561949312687,
        "53": 0.018889805302023888,
        "68": 0.01709544099867344
      }
    ]
  },
  "timestamp": "2026-03-01T20:39:22.753101"
}