{
  "source": "robust",
  "model": "Salman2020Do_R50",
  "image": "ILSVRC2012_val_00002085.JPEG",
  "mode": "opportunistic",
  "budget": 10000,
  "stability_threshold": 10,
  "iterations": 1,
  "success": true,
  "adversarial_class": 92,
  "true_label": 23,
  "switch_iteration": null,
  "locked_class": null,
  "confidence_history": {
    "iterations": [
      0,
      1
    ],
    "original_class": [
      0.21145325899124146,
      0.1376333385705948
    ],
    "max_other_class": [
      0.18880164623260498,
      0.2874697744846344
    ],
    "max_other_class_id": [
      92,
      92
    ],
    "top_classes": [
      {
        "92": 0.18880164623260498,
        "22": 0.12427495419979095,
        "18": 0.06335169821977615,
        "96": 0.04182055592536926,
        "93": 0.041638411581516266,
        "12": 0.040704939514398575,
        "21": 0.03562595695257187,
        "94": 0.03517109528183937,
        "91": 0.02368989773094654,
        "15": 0.016156286001205444
      },
      {
        "92": 0.2874697744846344,
        "22": 0.0633767768740654,
        "18": 0.05776291713118553,
        "94": 0.048691146075725555,
        "93": 0.04718479886651039,
        "96": 0.045470792800188065,
        "12": 0.04361151158809662,
        "91": 0.03341062739491463,
        "21": 0.026995008811354637,
        "989": 0.020617876201868057
      }
    ]
  },
  "timestamp": "2026-03-01T21:35:03.948084"
}