{
  "source": "robust",
  "model": "Salman2020Do_R50",
  "image": "ILSVRC2012_val_00000846.JPEG",
  "mode": "untargeted",
  "budget": 10000,
  "stability_threshold": 10,
  "iterations": 41,
  "success": true,
  "adversarial_class": 50,
  "true_label": 49,
  "switch_iteration": null,
  "locked_class": null,
  "confidence_history": {
    "iterations": [
      0,
      1,
      2,
      3,
      4,
      5,
      6,
      7,
      8,
      9,
      10,
      11,
      12,
      13,
      14,
      15,
      16,
      17,
      18,
      19,
      20,
      21,
      22,
      23,
      24,
      25,
      26,
      27,
      28,
      29,
      30,
      31,
      32,
      33,
      34,
      35,
      36,
      37,
      38,
      39,
      40,
      41
    ],
    "original_class": [
      0.19547642767429352,
      0.19547642767429352,
      0.1479521095752716,
      0.1479521095752716,
      0.1479521095752716,
      0.1479521095752716,
      0.1479521095752716,
      0.1479521095752716,
      0.1479521095752716,
      0.1479521095752716,
      0.1479521095752716,
      0.1479521095752716,
      0.1479521095752716,
      0.1479521095752716,
      0.1479521095752716,
      0.1479521095752716,
      0.1479521095752716,
      0.1479521095752716,
      0.1479521095752716,
      0.1479521095752716,
      0.14716380834579468,
      0.14716380834579468,
      0.14716380834579468,
      0.14716380834579468,
      0.1334635317325592,
      0.1334635317325592,
      0.1334635317325592,
      0.1334635317325592,
      0.1334635317325592,
      0.1334635317325592,
      0.1334635317325592,
      0.1334635317325592,
      0.1334635317325592,
      0.1334635317325592,
      0.1334635317325592,
      0.1334635317325592,
      0.1334635317325592,
      0.1334635317325592,
      0.1334635317325592,
      0.1334635317325592,
      0.1334635317325592,
      0.17084446549415588
    ],
    "max_other_class": [
      0.10291329771280289,
      0.10291329771280289,
      0.11957868933677673,
      0.11957868933677673,
      0.11957868933677673,
      0.11957868933677673,
      0.11957868933677673,
      0.11957868933677673,
      0.11957868933677673,
      0.11957868933677673,
      0.11957868933677673,
      0.11957868933677673,
      0.11957868933677673,
      0.11957868933677673,
      0.11957868933677673,
      0.11957868933677673,
      0.11957868933677673,
      0.11957868933677673,
      0.11957868933677673,
      0.11957868933677673,
      0.12090083211660385,
      0.12090083211660385,
      0.12090083211660385,
      0.12090083211660385,
      0.10509951412677765,
      0.10509951412677765,
      0.10509951412677765,
      0.10509951412677765,
      0.10509951412677765,
      0.10509951412677765,
      0.10509951412677765,
      0.10509951412677765,
      0.10509951412677765,
      0.10509951412677765,
      0.10509951412677765,
      0.10509951412677765,
      0.10509951412677765,
      0.10509951412677765,
      0.10509951412677765,
      0.10509951412677765,
      0.10509951412677765,
      0.18270567059516907
    ],
    "max_other_class_id": [
      50,
      50,
      50,
      50,
      50,
      50,
      50,
      50,
      50,
      50,
      50,
      50,
      50,
      50,
      50,
      50,
      50,
      50,
      50,
      50,
      50,
      50,
      50,
      50,
      50,
      50,
      50,
      50,
      50,
      50,
      50,
      50,
      50,
      50,
      50,
      50,
      50,
      50,
      50,
      50,
      50,
      50
    ],
    "top_classes": []
  },
  "timestamp": "2026-03-01T22:49:43.516029"
}