{
  "source": "robust",
  "model": "Salman2020Do_R50",
  "image": "ILSVRC2012_val_00001195.JPEG",
  "mode": "untargeted",
  "budget": 10000,
  "stability_threshold": 10,
  "iterations": 61,
  "success": true,
  "adversarial_class": 951,
  "true_label": 11,
  "switch_iteration": null,
  "locked_class": null,
  "confidence_history": {
    "iterations": [
      0,
      1,
      2,
      3,
      4,
      5,
      6,
      7,
      8,
      9,
      10,
      11,
      12,
      13,
      14,
      15,
      16,
      17,
      18,
      19,
      20,
      21,
      22,
      23,
      24,
      25,
      26,
      27,
      28,
      29,
      30,
      31,
      32,
      33,
      34,
      35,
      36,
      37,
      38,
      39,
      40,
      41,
      42,
      43,
      44,
      45,
      46,
      47,
      48,
      49,
      50,
      51,
      59,
      61
    ],
    "original_class": [
      0.3827647566795349,
      0.3827647566795349,
      0.3674485683441162,
      0.3674485683441162,
      0.3674485683441162,
      0.3674485683441162,
      0.3674485683441162,
      0.3674485683441162,
      0.3674485683441162,
      0.3674485683441162,
      0.3674485683441162,
      0.3674485683441162,
      0.3674485683441162,
      0.3674485683441162,
      0.3674485683441162,
      0.3674485683441162,
      0.3674485683441162,
      0.3674485683441162,
      0.3674485683441162,
      0.3674485683441162,
      0.3674485683441162,
      0.3674485683441162,
      0.3674485683441162,
      0.3674485683441162,
      0.3674485683441162,
      0.3674485683441162,
      0.3674485683441162,
      0.3674485683441162,
      0.3674485683441162,
      0.3674485683441162,
      0.3674485683441162,
      0.3674485683441162,
      0.3674485683441162,
      0.3674485683441162,
      0.3674485683441162,
      0.3674485683441162,
      0.3674485683441162,
      0.3674485683441162,
      0.3674485683441162,
      0.3674485683441162,
      0.3674485683441162,
      0.3674485683441162,
      0.3674485683441162,
      0.3674485683441162,
      0.3674485683441162,
      0.3674485683441162,
      0.3674485683441162,
      0.22682511806488037,
      0.22682511806488037,
      0.22682511806488037,
      0.22682511806488037,
      0.22682511806488037,
      0.19060838222503662,
      0.19010421633720398
    ],
    "max_other_class": [
      0.11815055459737778,
      0.11815055459737778,
      0.13658170402050018,
      0.13658170402050018,
      0.13658170402050018,
      0.13658170402050018,
      0.13658170402050018,
      0.13658170402050018,
      0.13658170402050018,
      0.13658170402050018,
      0.13658170402050018,
      0.13658170402050018,
      0.13658170402050018,
      0.13658170402050018,
      0.13658170402050018,
      0.13658170402050018,
      0.13658170402050018,
      0.13658170402050018,
      0.13658170402050018,
      0.13658170402050018,
      0.13658170402050018,
      0.13658170402050018,
      0.13658170402050018,
      0.13658170402050018,
      0.13658170402050018,
      0.13658170402050018,
      0.13658170402050018,
      0.13658170402050018,
      0.13658170402050018,
      0.13658170402050018,
      0.13658170402050018,
      0.13658170402050018,
      0.13658170402050018,
      0.13658170402050018,
      0.13658170402050018,
      0.13658170402050018,
      0.13658170402050018,
      0.13658170402050018,
      0.13658170402050018,
      0.13658170402050018,
      0.13658170402050018,
      0.13658170402050018,
      0.13658170402050018,
      0.13658170402050018,
      0.13658170402050018,
      0.13658170402050018,
      0.13658170402050018,
      0.14762550592422485,
      0.14762550592422485,
      0.14762550592422485,
      0.14762550592422485,
      0.14762550592422485,
      0.18041397631168365,
      0.2051110714673996
    ],
    "max_other_class_id": [
      951,
      951,
      951,
      951,
      951,
      951,
      951,
      951,
      951,
      951,
      951,
      951,
      951,
      951,
      951,
      951,
      951,
      951,
      951,
      951,
      951,
      951,
      951,
      951,
      951,
      951,
      951,
      951,
      951,
      951,
      951,
      951,
      951,
      951,
      951,
      951,
      951,
      951,
      951,
      951,
      951,
      951,
      951,
      951,
      951,
      951,
      951,
      951,
      951,
      951,
      951,
      951,
      951,
      951
    ],
    "top_classes": []
  },
  "timestamp": "2026-03-01T21:01:50.318171"
}