{
  "source": "robust",
  "model": "Salman2020Do_R50",
  "image": "ILSVRC2012_val_00002956.JPEG",
  "mode": "untargeted",
  "budget": 10000,
  "stability_threshold": 10,
  "iterations": 78,
  "success": true,
  "adversarial_class": 28,
  "true_label": 25,
  "switch_iteration": null,
  "locked_class": null,
  "confidence_history": {
    "iterations": [
      0,
      1,
      2,
      3,
      4,
      5,
      6,
      7,
      8,
      9,
      10,
      11,
      12,
      13,
      14,
      15,
      16,
      17,
      18,
      19,
      20,
      21,
      22,
      23,
      24,
      25,
      26,
      27,
      28,
      29,
      30,
      31,
      32,
      33,
      34,
      35,
      36,
      37,
      38,
      39,
      40,
      41,
      42,
      43,
      44,
      45,
      46,
      47,
      48,
      49,
      50,
      51,
      61,
      62,
      71,
      78
    ],
    "original_class": [
      0.5313427448272705,
      0.5313427448272705,
      0.5313427448272705,
      0.5313427448272705,
      0.5313427448272705,
      0.45138970017433167,
      0.4409123957157135,
      0.4409123957157135,
      0.4409123957157135,
      0.43556928634643555,
      0.43556928634643555,
      0.43556928634643555,
      0.43556928634643555,
      0.43556928634643555,
      0.43556928634643555,
      0.43556928634643555,
      0.43556928634643555,
      0.43556928634643555,
      0.43556928634643555,
      0.43556928634643555,
      0.43556928634643555,
      0.43556928634643555,
      0.43556928634643555,
      0.43556928634643555,
      0.43556928634643555,
      0.43556928634643555,
      0.43556928634643555,
      0.43556928634643555,
      0.43556928634643555,
      0.43556928634643555,
      0.43556928634643555,
      0.43556928634643555,
      0.43556928634643555,
      0.43556928634643555,
      0.43556928634643555,
      0.43556928634643555,
      0.43556928634643555,
      0.43556928634643555,
      0.43556928634643555,
      0.43556928634643555,
      0.43556928634643555,
      0.43556928634643555,
      0.43556928634643555,
      0.43556928634643555,
      0.43556928634643555,
      0.43556928634643555,
      0.43556928634643555,
      0.43556928634643555,
      0.43556928634643555,
      0.43556928634643555,
      0.43556928634643555,
      0.43556928634643555,
      0.43556928634643555,
      0.4248194992542267,
      0.4248194992542267,
      0.43225225806236267
    ],
    "max_other_class": [
      0.34397634863853455,
      0.34397634863853455,
      0.34397634863853455,
      0.34397634863853455,
      0.34397634863853455,
      0.3873084783554077,
      0.3952859938144684,
      0.3952859938144684,
      0.3952859938144684,
      0.40464502573013306,
      0.40464502573013306,
      0.40464502573013306,
      0.40464502573013306,
      0.40464502573013306,
      0.40464502573013306,
      0.40464502573013306,
      0.40464502573013306,
      0.40464502573013306,
      0.40464502573013306,
      0.40464502573013306,
      0.40464502573013306,
      0.40464502573013306,
      0.40464502573013306,
      0.40464502573013306,
      0.40464502573013306,
      0.40464502573013306,
      0.40464502573013306,
      0.40464502573013306,
      0.40464502573013306,
      0.40464502573013306,
      0.40464502573013306,
      0.40464502573013306,
      0.40464502573013306,
      0.40464502573013306,
      0.40464502573013306,
      0.40464502573013306,
      0.40464502573013306,
      0.40464502573013306,
      0.40464502573013306,
      0.40464502573013306,
      0.40464502573013306,
      0.40464502573013306,
      0.40464502573013306,
      0.40464502573013306,
      0.40464502573013306,
      0.40464502573013306,
      0.40464502573013306,
      0.40464502573013306,
      0.40464502573013306,
      0.40464502573013306,
      0.40464502573013306,
      0.40464502573013306,
      0.40464502573013306,
      0.40264391899108887,
      0.40264391899108887,
      0.4371873736381531
    ],
    "max_other_class_id": [
      28,
      28,
      28,
      28,
      28,
      28,
      28,
      28,
      28,
      28,
      28,
      28,
      28,
      28,
      28,
      28,
      28,
      28,
      28,
      28,
      28,
      28,
      28,
      28,
      28,
      28,
      28,
      28,
      28,
      28,
      28,
      28,
      28,
      28,
      28,
      28,
      28,
      28,
      28,
      28,
      28,
      28,
      28,
      28,
      28,
      28,
      28,
      28,
      28,
      28,
      28,
      28,
      28,
      28,
      28,
      28
    ],
    "top_classes": []
  },
  "timestamp": "2026-03-01T21:51:49.597467"
}