{
  "source": "robust",
  "model": "Salman2020Do_R50",
  "image": "ILSVRC2012_val_00001888.JPEG",
  "mode": "untargeted",
  "budget": 10000,
  "stability_threshold": 10,
  "iterations": 68,
  "success": true,
  "adversarial_class": 81,
  "true_label": 82,
  "switch_iteration": null,
  "locked_class": null,
  "confidence_history": {
    "iterations": [
      0,
      1,
      2,
      3,
      4,
      5,
      6,
      7,
      8,
      9,
      10,
      11,
      12,
      13,
      14,
      15,
      16,
      17,
      18,
      19,
      20,
      21,
      22,
      23,
      24,
      25,
      26,
      27,
      28,
      29,
      30,
      31,
      32,
      33,
      34,
      35,
      36,
      37,
      38,
      39,
      40,
      41,
      42,
      43,
      44,
      45,
      46,
      47,
      48,
      49,
      50,
      51,
      52,
      59,
      61,
      62,
      68
    ],
    "original_class": [
      0.41578981280326843,
      0.37006014585494995,
      0.37006014585494995,
      0.36945170164108276,
      0.36751237511634827,
      0.32239341735839844,
      0.32239341735839844,
      0.32239341735839844,
      0.32239341735839844,
      0.32089585065841675,
      0.32089585065841675,
      0.32089585065841675,
      0.32089585065841675,
      0.32089585065841675,
      0.32089585065841675,
      0.32089585065841675,
      0.32089585065841675,
      0.32089585065841675,
      0.31412357091903687,
      0.30428820848464966,
      0.30428820848464966,
      0.30428820848464966,
      0.30428820848464966,
      0.30428820848464966,
      0.30227935314178467,
      0.30227935314178467,
      0.30227935314178467,
      0.30227935314178467,
      0.30227935314178467,
      0.30227935314178467,
      0.30227935314178467,
      0.30227935314178467,
      0.30227935314178467,
      0.2863755524158478,
      0.2863755524158478,
      0.2863755524158478,
      0.2863755524158478,
      0.2863755524158478,
      0.2863755524158478,
      0.2863755524158478,
      0.2863755524158478,
      0.2863755524158478,
      0.2863755524158478,
      0.2863755524158478,
      0.2863755524158478,
      0.2863755524158478,
      0.2863755524158478,
      0.2863755524158478,
      0.2863755524158478,
      0.2863755524158478,
      0.2863755524158478,
      0.2863755524158478,
      0.26450321078300476,
      0.2609187364578247,
      0.2609187364578247,
      0.25272947549819946,
      0.2701389491558075
    ],
    "max_other_class": [
      0.23540836572647095,
      0.2693888545036316,
      0.2693888545036316,
      0.270734965801239,
      0.2712695002555847,
      0.2398979514837265,
      0.2398979514837265,
      0.2398979514837265,
      0.2398979514837265,
      0.23726138472557068,
      0.23726138472557068,
      0.23726138472557068,
      0.23726138472557068,
      0.23726138472557068,
      0.23726138472557068,
      0.23726138472557068,
      0.23726138472557068,
      0.23726138472557068,
      0.22021065652370453,
      0.23509086668491364,
      0.23509086668491364,
      0.23509086668491364,
      0.23509086668491364,
      0.23509086668491364,
      0.2276451289653778,
      0.2276451289653778,
      0.2276451289653778,
      0.2276451289653778,
      0.2276451289653778,
      0.2276451289653778,
      0.2276451289653778,
      0.2276451289653778,
      0.2276451289653778,
      0.2692025601863861,
      0.2692025601863861,
      0.2692025601863861,
      0.2692025601863861,
      0.2692025601863861,
      0.2692025601863861,
      0.2692025601863861,
      0.2692025601863861,
      0.2692025601863861,
      0.2692025601863861,
      0.2692025601863861,
      0.2692025601863861,
      0.2692025601863861,
      0.2692025601863861,
      0.2692025601863861,
      0.2692025601863861,
      0.2692025601863861,
      0.2692025601863861,
      0.2692025601863861,
      0.18960009515285492,
      0.1912037879228592,
      0.1912037879228592,
      0.20353703200817108,
      0.27705511450767517
    ],
    "max_other_class_id": [
      86,
      86,
      86,
      86,
      86,
      86,
      86,
      86,
      86,
      86,
      86,
      86,
      86,
      86,
      86,
      86,
      86,
      86,
      81,
      86,
      86,
      86,
      86,
      86,
      12,
      12,
      12,
      12,
      12,
      12,
      12,
      12,
      12,
      81,
      81,
      81,
      81,
      81,
      81,
      81,
      81,
      81,
      81,
      81,
      81,
      81,
      81,
      81,
      81,
      81,
      81,
      81,
      81,
      81,
      81,
      81,
      81
    ],
    "top_classes": []
  },
  "timestamp": "2026-03-01T21:42:50.019736"
}