{
  "source": "robust",
  "model": "Salman2020Do_R50",
  "image": "ILSVRC2012_val_00002124.JPEG",
  "mode": "opportunistic",
  "budget": 10000,
  "stability_threshold": 10,
  "iterations": 7,
  "success": true,
  "adversarial_class": 41,
  "true_label": 67,
  "switch_iteration": null,
  "locked_class": null,
  "confidence_history": {
    "iterations": [
      0,
      1,
      2,
      3,
      4,
      5,
      6,
      7
    ],
    "original_class": [
      0.11782483756542206,
      0.11782483756542206,
      0.11782483756542206,
      0.11782483756542206,
      0.11782483756542206,
      0.10334834456443787,
      0.10334834456443787,
      0.10432396829128265
    ],
    "max_other_class": [
      0.102912038564682,
      0.102912038564682,
      0.102912038564682,
      0.102912038564682,
      0.102912038564682,
      0.08787722140550613,
      0.08787722140550613,
      0.11020562797784805
    ],
    "max_other_class_id": [
      41,
      41,
      41,
      41,
      41,
      41,
      41,
      41
    ],
    "top_classes": [
      {
        "41": 0.102912038564682,
        "54": 0.08066996186971664,
        "44": 0.05407489463686943,
        "82": 0.05206407979130745,
        "57": 0.03137221187353134,
        "85": 0.02917749062180519,
        "62": 0.024258315563201904,
        "60": 0.02387971058487892,
        "68": 0.022590838372707367,
        "49": 0.01947115920484066
      },
      {
        "41": 0.102912038564682,
        "54": 0.08066996186971664,
        "44": 0.05407489463686943,
        "82": 0.05206407979130745,
        "57": 0.03137221187353134,
        "85": 0.02917749062180519,
        "62": 0.024258315563201904,
        "60": 0.02387971058487892,
        "68": 0.022590838372707367,
        "49": 0.01947115920484066
      },
      {
        "41": 0.102912038564682,
        "54": 0.08066996186971664,
        "44": 0.05407489463686943,
        "82": 0.05206407979130745,
        "57": 0.03137221187353134,
        "85": 0.02917749062180519,
        "62": 0.024258315563201904,
        "60": 0.02387971058487892,
        "68": 0.022590838372707367,
        "49": 0.01947115920484066
      },
      {
        "41": 0.102912038564682,
        "54": 0.08066996186971664,
        "44": 0.05407489463686943,
        "82": 0.05206407979130745,
        "57": 0.03137221187353134,
        "85": 0.02917749062180519,
        "62": 0.024258315563201904,
        "60": 0.02387971058487892,
        "68": 0.022590838372707367,
        "49": 0.01947115920484066
      },
      {
        "41": 0.102912038564682,
        "54": 0.08066996186971664,
        "44": 0.05407489463686943,
        "82": 0.05206407979130745,
        "57": 0.03137221187353134,
        "85": 0.02917749062180519,
        "62": 0.024258315563201904,
        "60": 0.02387971058487892,
        "68": 0.022590838372707367,
        "49": 0.01947115920484066
      },
      {
        "41": 0.08787722140550613,
        "54": 0.07842407375574112,
        "82": 0.06869664788246155,
        "44": 0.04077710583806038,
        "85": 0.029324853792786598,
        "68": 0.029033586382865906,
        "60": 0.023681534454226494,
        "62": 0.023068470880389214,
        "86": 0.02292897365987301,
        "66": 0.01866280660033226
      },
      {
        "41": 0.08787722140550613,
        "54": 0.07842407375574112,
        "82": 0.06869664788246155,
        "44": 0.04077710583806038,
        "85": 0.029324853792786598,
        "68": 0.029033586382865906,
        "60": 0.023681534454226494,
        "62": 0.023068470880389214,
        "86": 0.02292897365987301,
        "66": 0.01866280660033226
      },
      {
        "41": 0.11020562797784805,
        "54": 0.07847175747156143,
        "82": 0.06964867562055588,
        "44": 0.05714094266295433,
        "85": 0.029867563396692276,
        "57": 0.025147724896669388,
        "62": 0.023920854553580284,
        "68": 0.023120101541280746,
        "60": 0.021839024499058723,
        "86": 0.02146388404071331
      }
    ]
  },
  "timestamp": "2026-03-01T20:39:23.324789"
}