{
  "source": "robust",
  "model": "Salman2020Do_R50",
  "image": "ILSVRC2012_val_00001111.JPEG",
  "mode": "opportunistic",
  "budget": 10000,
  "stability_threshold": 10,
  "iterations": 1,
  "success": true,
  "adversarial_class": 46,
  "true_label": 96,
  "switch_iteration": null,
  "locked_class": null,
  "confidence_history": {
    "iterations": [
      0,
      1
    ],
    "original_class": [
      0.05784745141863823,
      0.06088664010167122
    ],
    "max_other_class": [
      0.05760332942008972,
      0.07365819066762924
    ],
    "max_other_class_id": [
      46,
      46
    ],
    "top_classes": [
      {
        "46": 0.05760332942008972,
        "12": 0.04856614023447037,
        "40": 0.04354723170399666,
        "14": 0.04235024005174637,
        "95": 0.0341360867023468,
        "93": 0.026273202151060104,
        "59": 0.0231229979544878,
        "15": 0.02186719886958599,
        "91": 0.020796246826648712,
        "315": 0.018717406317591667
      },
      {
        "46": 0.07365819066762924,
        "40": 0.06438679993152618,
        "12": 0.04437478631734848,
        "14": 0.038216665387153625,
        "95": 0.03462141752243042,
        "315": 0.02949930727481842,
        "59": 0.026625366881489754,
        "93": 0.024910759180784225,
        "91": 0.022591957822442055,
        "16": 0.020256977528333664
      }
    ]
  },
  "timestamp": "2026-03-01T20:39:23.507407"
}