{
  "source": "robust",
  "model": "Salman2020Do_R50",
  "image": "ILSVRC2012_val_00000625.JPEG",
  "mode": "opportunistic",
  "budget": 10000,
  "stability_threshold": 10,
  "iterations": 1,
  "success": true,
  "adversarial_class": 49,
  "true_label": 38,
  "switch_iteration": null,
  "locked_class": null,
  "confidence_history": {
    "iterations": [
      0,
      1
    ],
    "original_class": [
      0.182877779006958,
      0.182877779006958
    ],
    "max_other_class": [
      0.3333319425582886,
      0.3333319425582886
    ],
    "max_other_class_id": [
      49,
      49
    ],
    "top_classes": [
      {
        "49": 0.3333319425582886,
        "50": 0.12172623723745346,
        "44": 0.11575974524021149,
        "47": 0.0658121407032013,
        "41": 0.0340324267745018,
        "42": 0.02079414390027523,
        "31": 0.013918161392211914,
        "48": 0.011157074011862278,
        "66": 0.00969240814447403,
        "45": 0.008067598566412926
      },
      {
        "49": 0.3333319425582886,
        "50": 0.12172623723745346,
        "44": 0.11575974524021149,
        "47": 0.0658121407032013,
        "41": 0.0340324267745018,
        "42": 0.02079414390027523,
        "31": 0.013918161392211914,
        "48": 0.011157074011862278,
        "66": 0.00969240814447403,
        "45": 0.008067598566412926
      }
    ]
  },
  "timestamp": "2026-03-01T22:14:56.586753"
}