{
  "source": "robust",
  "model": "Salman2020Do_R50",
  "image": "ILSVRC2012_val_00000120.JPEG",
  "mode": "untargeted",
  "budget": 10000,
  "stability_threshold": 10,
  "iterations": 27,
  "success": true,
  "adversarial_class": 57,
  "true_label": 313,
  "switch_iteration": null,
  "locked_class": null,
  "confidence_history": {
    "iterations": [
      0,
      1,
      2,
      3,
      4,
      5,
      6,
      7,
      8,
      9,
      10,
      11,
      12,
      13,
      14,
      15,
      16,
      17,
      18,
      19,
      20,
      21,
      22,
      23,
      24,
      25,
      26,
      27
    ],
    "original_class": [
      0.13141778111457825,
      0.13141778111457825,
      0.13141778111457825,
      0.13068394362926483,
      0.1296539604663849,
      0.1164265051484108,
      0.11313166469335556,
      0.09213922172784805,
      0.09213922172784805,
      0.09213922172784805,
      0.09213922172784805,
      0.09213922172784805,
      0.09213916957378387,
      0.09213916957378387,
      0.09213916957378387,
      0.09213916957378387,
      0.09213913977146149,
      0.09213913977146149,
      0.09213913977146149,
      0.09213913977146149,
      0.09213913977146149,
      0.09213913977146149,
      0.09213913977146149,
      0.09213913977146149,
      0.09213913977146149,
      0.09213913977146149,
      0.09213913977146149,
      0.09410755336284637
    ],
    "max_other_class": [
      0.10044767707586288,
      0.10044767707586288,
      0.10044767707586288,
      0.09276822954416275,
      0.09449880570173264,
      0.07382945716381073,
      0.07220254093408585,
      0.09008631110191345,
      0.09008631110191345,
      0.09008631110191345,
      0.09008631110191345,
      0.09008631110191345,
      0.09008630365133286,
      0.09008630365133286,
      0.09008630365133286,
      0.09008630365133286,
      0.09008640050888062,
      0.09008640050888062,
      0.09008640050888062,
      0.09008640050888062,
      0.09008640050888062,
      0.09008640050888062,
      0.09008640050888062,
      0.09008640050888062,
      0.09008640050888062,
      0.09008640050888062,
      0.09008640050888062,
      0.10059375315904617
    ],
    "max_other_class_id": [
      57,
      57,
      57,
      57,
      57,
      57,
      57,
      57,
      57,
      57,
      57,
      57,
      57,
      57,
      57,
      57,
      57,
      57,
      57,
      57,
      57,
      57,
      57,
      57,
      57,
      57,
      57,
      57
    ],
    "top_classes": []
  },
  "timestamp": "2026-03-01T20:48:32.698225"
}