{
  "source": "robust",
  "model": "Salman2020Do_R50",
  "image": "ILSVRC2012_val_00000120.JPEG",
  "mode": "opportunistic",
  "budget": 10000,
  "stability_threshold": 10,
  "iterations": 27,
  "success": true,
  "adversarial_class": 57,
  "true_label": 313,
  "switch_iteration": null,
  "locked_class": null,
  "confidence_history": {
    "iterations": [
      0,
      1,
      2,
      3,
      4,
      5,
      6,
      7,
      8,
      9,
      10,
      11,
      12,
      13,
      14,
      15,
      16,
      17,
      18,
      19,
      20,
      21,
      22,
      23,
      24,
      25,
      26,
      27
    ],
    "original_class": [
      0.13141778111457825,
      0.13141778111457825,
      0.13141778111457825,
      0.13068394362926483,
      0.1296539604663849,
      0.1164265051484108,
      0.11313166469335556,
      0.09213922172784805,
      0.09213922172784805,
      0.09213922172784805,
      0.09213922172784805,
      0.09213922172784805,
      0.09213916957378387,
      0.09213916957378387,
      0.09213916957378387,
      0.09213916957378387,
      0.09213913977146149,
      0.09213913977146149,
      0.09213913977146149,
      0.09213913977146149,
      0.09213913977146149,
      0.09213913977146149,
      0.09213913977146149,
      0.09213913977146149,
      0.09213913977146149,
      0.09213913977146149,
      0.09213913977146149,
      0.09410755336284637
    ],
    "max_other_class": [
      0.10044767707586288,
      0.10044767707586288,
      0.10044767707586288,
      0.09276822954416275,
      0.09449880570173264,
      0.07382945716381073,
      0.07220254093408585,
      0.09008631110191345,
      0.09008631110191345,
      0.09008631110191345,
      0.09008631110191345,
      0.09008631110191345,
      0.09008630365133286,
      0.09008630365133286,
      0.09008630365133286,
      0.09008630365133286,
      0.09008640050888062,
      0.09008640050888062,
      0.09008640050888062,
      0.09008640050888062,
      0.09008640050888062,
      0.09008640050888062,
      0.09008640050888062,
      0.09008640050888062,
      0.09008640050888062,
      0.09008640050888062,
      0.09008640050888062,
      0.10059375315904617
    ],
    "max_other_class_id": [
      57,
      57,
      57,
      57,
      57,
      57,
      57,
      57,
      57,
      57,
      57,
      57,
      57,
      57,
      57,
      57,
      57,
      57,
      57,
      57,
      57,
      57,
      57,
      57,
      57,
      57,
      57,
      57
    ],
    "top_classes": [
      {
        "57": 0.10044767707586288,
        "58": 0.05471218004822731,
        "52": 0.04786369949579239,
        "305": 0.03011448122560978,
        "62": 0.026568599045276642,
        "102": 0.02484981343150139,
        "59": 0.02469182200729847,
        "44": 0.024204034358263016,
        "41": 0.022192640230059624,
        "54": 0.021767910569906235
      },
      {
        "57": 0.10044767707586288,
        "58": 0.05471218004822731,
        "52": 0.04786369949579239,
        "305": 0.03011448122560978,
        "62": 0.026568599045276642,
        "102": 0.02484981343150139,
        "59": 0.02469182200729847,
        "44": 0.024204034358263016,
        "41": 0.022192640230059624,
        "54": 0.021767910569906235
      },
      {
        "57": 0.10044767707586288,
        "58": 0.05471218004822731,
        "52": 0.04786369949579239,
        "305": 0.03011448122560978,
        "62": 0.026568599045276642,
        "102": 0.02484981343150139,
        "59": 0.02469182200729847,
        "44": 0.024204034358263016,
        "41": 0.022192640230059624,
        "54": 0.021767910569906235
      },
      {
        "57": 0.09276822954416275,
        "58": 0.05320417135953903,
        "52": 0.04987862706184387,
        "59": 0.03366554155945778,
        "305": 0.031957414001226425,
        "62": 0.025912104174494743,
        "44": 0.021183662116527557,
        "41": 0.019948730245232582,
        "54": 0.019901074469089508,
        "53": 0.0189038198441267
      },
      {
        "57": 0.09449880570173264,
        "58": 0.05256035551428795,
        "52": 0.0511329285800457,
        "59": 0.03559119254350662,
        "305": 0.031159132719039917,
        "62": 0.025987695902585983,
        "44": 0.02123476378619671,
        "41": 0.019922595471143723,
        "54": 0.019618645310401917,
        "53": 0.018911119550466537
      },
      {
        "57": 0.07382945716381073,
        "52": 0.058411065489053726,
        "58": 0.04098685830831528,
        "305": 0.03672925755381584,
        "102": 0.028929874300956726,
        "337": 0.026900777593255043,
        "41": 0.024943843483924866,
        "44": 0.024089956656098366,
        "62": 0.02389267459511757,
        "357": 0.02054903842508793
      },
      {
        "57": 0.07220254093408585,
        "52": 0.06070026010274887,
        "58": 0.03911864757537842,
        "305": 0.0365181490778923,
        "102": 0.03089289553463459,
        "337": 0.028699485585093498,
        "41": 0.026240646839141846,
        "44": 0.025317054241895676,
        "62": 0.023872418329119682,
        "357": 0.021906686946749687
      },
      {
        "57": 0.09008631110191345,
        "58": 0.05925208702683449,
        "52": 0.04491870850324631,
        "102": 0.037043120712041855,
        "337": 0.03339380770921707,
        "305": 0.029116472229361534,
        "62": 0.026145312935113907,
        "357": 0.025158587843179703,
        "44": 0.024314304813742638,
        "41": 0.023494143038988113
      },
      {
        "57": 0.09008631110191345,
        "58": 0.05925208702683449,
        "52": 0.04491870850324631,
        "102": 0.037043120712041855,
        "337": 0.03339380770921707,
        "305": 0.029116472229361534,
        "62": 0.026145312935113907,
        "357": 0.025158587843179703,
        "44": 0.024314304813742638,
        "41": 0.023494143038988113
      },
      {
        "57": 0.09008631110191345,
        "58": 0.05925208702683449,
        "52": 0.04491870850324631,
        "102": 0.037043120712041855,
        "337": 0.03339380770921707,
        "305": 0.029116472229361534,
        "62": 0.026145312935113907,
        "357": 0.025158587843179703,
        "44": 0.024314304813742638,
        "41": 0.023494143038988113
      },
      {
        "57": 0.09008631110191345,
        "58": 0.05925208702683449,
        "52": 0.04491870850324631,
        "102": 0.037043120712041855,
        "337": 0.03339380770921707,
        "305": 0.029116472229361534,
        "62": 0.026145312935113907,
        "357": 0.025158587843179703,
        "44": 0.024314304813742638,
        "41": 0.023494143038988113
      },
      {
        "57": 0.09008631110191345,
        "58": 0.05925208702683449,
        "52": 0.04491870850324631,
        "102": 0.037043120712041855,
        "337": 0.03339380770921707,
        "305": 0.029116472229361534,
        "62": 0.026145312935113907,
        "357": 0.025158587843179703,
        "44": 0.024314304813742638,
        "41": 0.023494143038988113
      },
      {
        "57": 0.09008630365133286,
        "58": 0.05925208330154419,
        "52": 0.04491868615150452,
        "102": 0.03704311326146126,
        "337": 0.03339380398392677,
        "305": 0.02911648340523243,
        "62": 0.02614532597362995,
        "357": 0.025158599019050598,
        "44": 0.024314306676387787,
        "41": 0.023494131863117218
      },
      {
        "57": 0.09008630365133286,
        "58": 0.05925208330154419,
        "52": 0.04491868615150452,
        "102": 0.03704311326146126,
        "337": 0.03339380398392677,
        "305": 0.02911648340523243,
        "62": 0.02614532597362995,
        "357": 0.025158599019050598,
        "44": 0.024314306676387787,
        "41": 0.023494131863117218
      },
      {
        "57": 0.09008630365133286,
        "58": 0.05925208330154419,
        "52": 0.04491868615150452,
        "102": 0.03704311326146126,
        "337": 0.03339380398392677,
        "305": 0.02911648340523243,