{
  "source": "standard",
  "model": "resnet50",
  "image": "ILSVRC2012_val_00000194.JPEG",
  "mode": "opportunistic",
  "budget": 10000,
  "stability_threshold": 8,
  "iterations": 1,
  "success": true,
  "adversarial_class": 66,
  "true_label": 68,
  "switch_iteration": null,
  "locked_class": null,
  "confidence_history": {
    "iterations": [
      0,
      1
    ],
    "original_class": [
      0.18300727009773254,
      0.19144423305988312
    ],
    "max_other_class": [
      0.16376209259033203,
      0.21872343122959137
    ],
    "max_other_class_id": [
      66,
      66
    ],
    "top_classes": [
      {
        "66": 0.16376209259033203,
        "67": 0.026720194146037102,
        "60": 0.019862284883856773,
        "54": 0.009662304073572159,
        "62": 0.0037355469539761543,
        "59": 0.002957924036309123,
        "41": 0.0027397056110203266,
        "56": 0.002497122623026371,
        "58": 0.0023502216208726168,
        "63": 0.0020529604516923428
      },
      {
        "66": 0.21872343122959137,
        "67": 0.013970321975648403,
        "60": 0.013359352014958858,
        "54": 0.008488201536238194,
        "62": 0.0024367584846913815,
        "58": 0.0022747605107724667,
        "59": 0.0020633740350604057,
        "63": 0.001980412285774946,
        "53": 0.0018858193652704358,
        "52": 0.0017648349748924375
      }
    ]
  },
  "timestamp": "2026-03-01T14:42:26.333652"
}