{
  "source": "standard",
  "model": "resnet50",
  "image": "ILSVRC2012_val_00000625.JPEG",
  "mode": "opportunistic",
  "budget": 10000,
  "stability_threshold": 8,
  "iterations": 1,
  "success": true,
  "adversarial_class": 43,
  "true_label": 38,
  "switch_iteration": null,
  "locked_class": null,
  "confidence_history": {
    "iterations": [
      0,
      1
    ],
    "original_class": [
      0.07508308440446854,
      0.07508308440446854
    ],
    "max_other_class": [
      0.2936677932739258,
      0.2936677932739258
    ],
    "max_other_class_id": [
      43,
      43
    ],
    "top_classes": [
      {
        "43": 0.2936677932739258,
        "44": 0.0629325807094574,
        "41": 0.033439263701438904,
        "49": 0.025550518184900284,
        "42": 0.017543265596032143,
        "854": 0.016710540279746056,
        "47": 0.016021838411688805,
        "40": 0.01308341696858406,
        "50": 0.009962820447981358,
        "31": 0.009573073126375675
      },
      {
        "43": 0.2936677932739258,
        "44": 0.0629325807094574,
        "41": 0.033439263701438904,
        "49": 0.025550518184900284,
        "42": 0.017543265596032143,
        "854": 0.016710540279746056,
        "47": 0.016021838411688805,
        "40": 0.01308341696858406,
        "50": 0.009962820447981358,
        "31": 0.009573073126375675
      }
    ]
  },
  "timestamp": "2026-03-01T20:16:00.419121"
}