{
  "source": "standard",
  "model": "resnet50",
  "image": "ILSVRC2012_val_00000781.JPEG",
  "mode": "opportunistic",
  "budget": 10000,
  "stability_threshold": 8,
  "iterations": 1,
  "success": true,
  "adversarial_class": 67,
  "true_label": 60,
  "switch_iteration": null,
  "locked_class": null,
  "confidence_history": {
    "iterations": [
      0,
      1
    ],
    "original_class": [
      0.05858650803565979,
      0.05858650803565979
    ],
    "max_other_class": [
      0.3822920322418213,
      0.3822920322418213
    ],
    "max_other_class_id": [
      67,
      67
    ],
    "top_classes": [
      {
        "67": 0.3822920322418213,
        "68": 0.06801071763038635,
        "54": 0.032227713614702225,
        "66": 0.017698640003800392,
        "61": 0.012607614509761333,
        "62": 0.008665150962769985,
        "58": 0.0030489310156553984,
        "996": 0.0025994589086622,
        "32": 0.002158512594178319,
        "30": 0.0020081123802810907
      },
      {
        "67": 0.3822920322418213,
        "68": 0.06801071763038635,
        "54": 0.032227713614702225,
        "66": 0.017698640003800392,
        "61": 0.012607614509761333,
        "62": 0.008665150962769985,
        "58": 0.0030489310156553984,
        "996": 0.0025994589086622,
        "32": 0.002158512594178319,
        "30": 0.0020081123802810907
      }
    ]
  },
  "timestamp": "2026-03-01T14:34:24.262481"
}