{
  "source": "standard",
  "model": "resnet50",
  "image": "ILSVRC2012_val_00001108.JPEG",
  "mode": "untargeted",
  "budget": 10000,
  "stability_threshold": 8,
  "iterations": 80,
  "success": true,
  "adversarial_class": 29,
  "true_label": 26,
  "switch_iteration": null,
  "locked_class": null,
  "confidence_history": {
    "iterations": [
      0,
      1,
      2,
      3,
      4,
      5,
      6,
      7,
      8,
      9,
      10,
      11,
      12,
      13,
      14,
      15,
      16,
      17,
      18,
      19,
      20,
      21,
      22,
      23,
      24,
      25,
      26,
      27,
      28,
      29,
      30,
      31,
      32,
      33,
      34,
      35,
      36,
      37,
      38,
      39,
      40,
      41,
      42,
      43,
      44,
      45,
      46,
      47,
      48,
      49,
      50,
      51,
      59,
      61,
      69,
      71,
      80
    ],
    "original_class": [
      0.3782864511013031,
      0.28374677896499634,
      0.218251034617424,
      0.218251034617424,
      0.218251034617424,
      0.218251034617424,
      0.218251034617424,
      0.218251034617424,
      0.218251034617424,
      0.218251034617424,
      0.218251034617424,
      0.218251034617424,
      0.218251034617424,
      0.21825090050697327,
      0.21825090050697327,
      0.21825090050697327,
      0.21825090050697327,
      0.21825090050697327,
      0.21825090050697327,
      0.21825090050697327,
      0.21825090050697327,
      0.2064712941646576,
      0.19387556612491608,
      0.19387556612491608,
      0.19387556612491608,
      0.19387556612491608,
      0.19387556612491608,
      0.19387556612491608,
      0.19387556612491608,
      0.19387556612491608,
      0.19387556612491608,
      0.19387556612491608,
      0.19387556612491608,
      0.19387556612491608,
      0.19387556612491608,
      0.19387556612491608,
      0.19387556612491608,
      0.19387556612491608,
      0.19387556612491608,
      0.19387556612491608,
      0.19387556612491608,
      0.19387556612491608,
      0.19387556612491608,
      0.19387556612491608,
      0.19387556612491608,
      0.16680841147899628,
      0.16680841147899628,
      0.16680841147899628,
      0.16680841147899628,
      0.16680841147899628,
      0.16680841147899628,
      0.16680841147899628,
      0.16506946086883545,
      0.16506946086883545,
      0.16215543448925018,
      0.16215543448925018,
      0.16220946609973907
    ],
    "max_other_class": [
      0.0327664315700531,
      0.11210876703262329,
      0.1529204398393631,
      0.1529204398393631,
      0.1529204398393631,
      0.1529204398393631,
      0.1529204398393631,
      0.1529204398393631,
      0.1529204398393631,
      0.1529204398393631,
      0.1529204398393631,
      0.1529204398393631,
      0.1529204398393631,
      0.1529204249382019,
      0.1529204249382019,
      0.1529204249382019,
      0.1529204249382019,
      0.1529204249382019,
      0.1529204249382019,
      0.1529204249382019,
      0.1529204249382019,
      0.09013080596923828,
      0.09779875725507736,
      0.09779875725507736,
      0.09779875725507736,
      0.09779875725507736,
      0.09779875725507736,
      0.09779875725507736,
      0.09779875725507736,
      0.09779875725507736,
      0.09779875725507736,
      0.09779875725507736,
      0.09779875725507736,
      0.09779875725507736,
      0.09779875725507736,
      0.09779875725507736,
      0.09779875725507736,
      0.09779875725507736,
      0.09779875725507736,
      0.09779875725507736,
      0.09779875725507736,
      0.09779875725507736,
      0.09779875725507736,
      0.09779875725507736,
      0.09779875725507736,
      0.13231514394283295,
      0.13231514394283295,
      0.13231514394283295,
      0.13231514394283295,
      0.13231514394283295,
      0.13231514394283295,
      0.13231514394283295,
      0.13437776267528534,
      0.13437776267528534,
      0.14034675061702728,
      0.14034675061702728,
      0.17959678173065186
    ],
    "max_other_class_id": [
      29,
      29,
      29,
      29,
      29,
      29,
      29,
      29,
      29,
      29,
      29,
      29,
      29,
      29,
      29,
      29,
      29,
      29,
      29,
      29,
      29,
      29,
      29,
      29,
      29,
      29,
      29,
      29,
      29,
      29,
      29,
      29,
      29,
      29,
      29,
      29,
      29,
      29,
      29,
      29,
      29,
      29,
      29,
      29,
      29,
      29,
      29,
      29,
      29,
      29,
      29,
      29,
      29,
      29,
      29,
      29,
      29
    ],
    "top_classes": []
  },
  "timestamp": "2026-03-01T20:11:13.771552"
}