{
  "source": "standard",
  "model": "resnet50",
  "image": "ILSVRC2012_val_00002124.JPEG",
  "mode": "opportunistic",
  "budget": 10000,
  "stability_threshold": 8,
  "iterations": 14,
  "success": true,
  "adversarial_class": 58,
  "true_label": 63,
  "switch_iteration": null,
  "locked_class": null,
  "confidence_history": {
    "iterations": [
      0,
      1,
      2,
      3,
      4,
      5,
      6,
      7,
      8,
      9,
      10,
      11,
      12,
      13,
      14
    ],
    "original_class": [
      0.18307244777679443,
      0.18307244777679443,
      0.18307244777679443,
      0.18307244777679443,
      0.18307244777679443,
      0.18307244777679443,
      0.18307244777679443,
      0.15124380588531494,
      0.15124380588531494,
      0.15124380588531494,
      0.15124380588531494,
      0.1400715708732605,
      0.1400715708732605,
      0.1400715708732605,
      0.13841032981872559
    ],
    "max_other_class": [
      0.06521393358707428,
      0.06521393358707428,
      0.06521393358707428,
      0.06521393358707428,
      0.06521393358707428,
      0.06521393358707428,
      0.06521393358707428,
      0.1313420683145523,
      0.1313420683145523,
      0.1313420683145523,
      0.1313420683145523,
      0.13474805653095245,
      0.13474805653095245,
      0.13474805653095245,
      0.17131635546684265
    ],
    "max_other_class_id": [
      58,
      58,
      58,
      58,
      58,
      58,
      58,
      58,
      58,
      58,
      58,
      58,
      58,
      58,
      58
    ],
    "top_classes": [
      {
        "58": 0.06521393358707428,
        "52": 0.057089339941740036,
        "54": 0.055330950766801834,
        "60": 0.053375937044620514,
        "68": 0.029486535117030144,
        "56": 0.024580122902989388,
        "66": 0.018629848957061768,
        "57": 0.014181406237185001,
        "62": 0.013879257254302502,
        "53": 0.008667903020977974
      },
      {
        "58": 0.06521393358707428,
        "52": 0.057089339941740036,
        "54": 0.055330950766801834,
        "60": 0.053375937044620514,
        "68": 0.029486535117030144,
        "56": 0.024580122902989388,
        "66": 0.018629848957061768,
        "57": 0.014181406237185001,
        "62": 0.013879257254302502,
        "53": 0.008667903020977974
      },
      {
        "58": 0.06521393358707428,
        "52": 0.057089339941740036,
        "54": 0.055330950766801834,
        "60": 0.053375937044620514,
        "68": 0.029486535117030144,
        "56": 0.024580122902989388,
        "66": 0.018629848957061768,
        "57": 0.014181406237185001,
        "62": 0.013879257254302502,
        "53": 0.008667903020977974
      },
      {
        "58": 0.06521393358707428,
        "52": 0.057089339941740036,
        "54": 0.055330950766801834,
        "60": 0.053375937044620514,
        "68": 0.029486535117030144,
        "56": 0.024580122902989388,
        "66": 0.018629848957061768,
        "57": 0.014181406237185001,
        "62": 0.013879257254302502,
        "53": 0.008667903020977974
      },
      {
        "58": 0.06521393358707428,
        "52": 0.057089339941740036,
        "54": 0.055330950766801834,
        "60": 0.053375937044620514,
        "68": 0.029486535117030144,
        "56": 0.024580122902989388,
        "66": 0.018629848957061768,
        "57": 0.014181406237185001,
        "62": 0.013879257254302502,
        "53": 0.008667903020977974
      },
      {
        "58": 0.06521393358707428,
        "52": 0.057089339941740036,
        "54": 0.055330950766801834,
        "60": 0.053375937044620514,
        "68": 0.029486535117030144,
        "56": 0.024580122902989388,
        "66": 0.018629848957061768,
        "57": 0.014181406237185001,
        "62": 0.013879257254302502,
        "53": 0.008667903020977974
      },
      {
        "58": 0.06521393358707428,
        "52": 0.057089339941740036,
        "54": 0.055330950766801834,
        "60": 0.053375937044620514,
        "68": 0.029486535117030144,
        "56": 0.024580122902989388,
        "66": 0.018629848957061768,
        "57": 0.014181406237185001,
        "62": 0.013879257254302502,
        "53": 0.008667903020977974
      },
      {
        "58": 0.1313420683145523,
        "52": 0.07557889819145203,
        "60": 0.05271516367793083,
        "54": 0.05043989419937134,
        "56": 0.027757756412029266,
        "68": 0.020968593657016754,
        "62": 0.012303080409765244,
        "66": 0.011201977729797363,
        "53": 0.008077404461801052,
        "65": 0.004747991915792227
      },
      {
        "58": 0.1313420683145523,
        "52": 0.07557889819145203,
        "60": 0.05271516367793083,
        "54": 0.05043989419937134,
        "56": 0.027757756412029266,
        "68": 0.020968593657016754,
        "62": 0.012303080409765244,
        "66": 0.011201977729797363,
        "53": 0.008077404461801052,
        "65": 0.004747991915792227
      },
      {
        "58": 0.1313420683145523,
        "52": 0.07557889819145203,
        "60": 0.05271516367793083,
        "54": 0.05043989419937134,
        "56": 0.027757756412029266,
        "68": 0.020968593657016754,
        "62": 0.012303080409765244,
        "66": 0.011201977729797363,
        "53": 0.008077404461801052,
        "65": 0.004747991915792227
      },
      {
        "58": 0.1313420683145523,
        "52": 0.07557889819145203,
        "60": 0.05271516367793083,
        "54": 0.05043989419937134,
        "56": 0.027757756412029266,
        "68": 0.020968593657016754,
        "62": 0.012303080409765244,
        "66": 0.011201977729797363,
        "53": 0.008077404461801052,
        "65": 0.004747991915792227
      },
      {
        "58": 0.13474805653095245,
        "56": 0.05863736569881439,
        "54": 0.04914838820695877,
        "52": 0.04760700836777687,
        "60": 0.04189974069595337,
        "68": 0.02241792343556881,
        "66": 0.010273473337292671,
        "62": 0.010079260915517807,
        "57": 0.00921944435685873,
        "53": 0.009146608412265778
      },
      {
        "58": 0.13474805653095245,
        "56": 0.05863736569881439,
        "54": 0.04914838820695877,
        "52": 0.04760700836777687,
        "60": 0.04189974069595337,
        "68": 0.02241792343556881,
        "66": 0.010273473337292671,
        "62": 0.010079260915517807,
        "57": 0.00921944435685873,
        "53": 0.009146608412265778
      },
      {
        "58": 0.13474805653095245,
        "56": 0.05863736569881439,
        "54": 0.04914838820695877,
        "52": 0.04760700836777687,
        "60": 0.04189974069595337,
        "68": 0.02241792343556881,
        "66": 0.010273473337292671,
        "62": 0.010079260915517807,
        "57": 0.00921944435685873,
        "53": 0.009146608412265778
      },
      {
        "58": 0.17131635546684265,
        "52": 0.08026427030563354,
        "54": 0.04892298951745033,
        "60": 0.04110328108072281,
        "56": 0.028048748150467873,
        "68": 0.01705184206366539,
        "62": 0.01079972367733717,
        "66": 0.009290637448430061,
        "53": 0.00838756375014782,
        "65": 0.004707025364041328
      }
    ]
  },
  "timestamp": "2026-03-01T14:37:49.851920"
}