{
  "source": "standard",
  "model": "resnet50",
  "image": "ILSVRC2012_val_00000132.JPEG",
  "mode": "untargeted",
  "budget": 10000,
  "stability_threshold": 8,
  "iterations": 67,
  "success": true,
  "adversarial_class": 59,
  "true_label": 64,
  "switch_iteration": null,
  "locked_class": null,
  "confidence_history": {
    "iterations": [
      0,
      1,
      2,
      3,
      4,
      5,
      6,
      7,
      8,
      9,
      10,
      11,
      12,
      13,
      14,
      15,
      16,
      17,
      18,
      19,
      20,
      21,
      22,
      23,
      24,
      25,
      26,
      27,
      28,
      29,
      30,
      31,
      32,
      33,
      34,
      35,
      36,
      37,
      38,
      39,
      40,
      41,
      42,
      43,
      44,
      45,
      46,
      47,
      48,
      49,
      50,
      51,
      61,
      63,
      67
    ],
    "original_class": [
      0.28224536776542664,
      0.24507524073123932,
      0.24507524073123932,
      0.24507524073123932,
      0.24507524073123932,
      0.21333806216716766,
      0.21333806216716766,
      0.21333806216716766,
      0.21333806216716766,
      0.21333806216716766,
      0.21333806216716766,
      0.21333806216716766,
      0.21333806216716766,
      0.21333806216716766,
      0.21313440799713135,
      0.21313440799713135,
      0.21313440799713135,
      0.21313440799713135,
      0.21313440799713135,
      0.21313440799713135,
      0.1935453861951828,
      0.1935453861951828,
      0.1935453861951828,
      0.1935453861951828,
      0.1935453861951828,
      0.1935453861951828,
      0.1935453861951828,
      0.17538662254810333,
      0.17538662254810333,
      0.1639145314693451,
      0.1639145314693451,
      0.1639145314693451,
      0.1639145314693451,
      0.1639145314693451,
      0.1639145314693451,
      0.1639145314693451,
      0.1639145314693451,
      0.1639145314693451,
      0.1639145314693451,
      0.1639145314693451,
      0.1639145314693451,
      0.1639145314693451,
      0.1639145314693451,
      0.1639145314693451,
      0.1639145314693451,
      0.1639145314693451,
      0.1639145314693451,
      0.1639145314693451,
      0.1639145314693451,
      0.1639145314693451,
      0.1639145314693451,
      0.1639145314693451,
      0.1639145314693451,
      0.14486081898212433,
      0.12577784061431885
    ],
    "max_other_class": [
      0.09577155113220215,
      0.07981081306934357,
      0.07981081306934357,
      0.07981081306934357,
      0.07981081306934357,
      0.05550951883196831,
      0.05550951883196831,
      0.05550951883196831,
      0.05550951883196831,
      0.05550951883196831,
      0.05550951883196831,
      0.05550951883196831,
      0.05550951883196831,
      0.05550951883196831,
      0.04052609205245972,
      0.04052609205245972,
      0.04052609205245972,
      0.04052609205245972,
      0.04052609205245972,
      0.04052609205245972,
      0.08358358591794968,
      0.08358358591794968,
      0.08358358591794968,
      0.08358358591794968,
      0.08358358591794968,
      0.08358358591794968,
      0.08358358591794968,
      0.09609115123748779,
      0.09609115123748779,
      0.11599411815404892,
      0.11599411815404892,
      0.11599411815404892,
      0.11599411815404892,
      0.11599411815404892,
      0.11599411815404892,
      0.11599411815404892,
      0.11599411815404892,
      0.11599411815404892,
      0.11599411815404892,
      0.11599411815404892,
      0.11599411815404892,
      0.11599411815404892,
      0.11599411815404892,
      0.11599411815404892,
      0.11599411815404892,
      0.11599411815404892,
      0.11599411815404892,
      0.11599411815404892,
      0.11599411815404892,
      0.11599411815404892,
      0.11599411815404892,
      0.11599411815404892,
      0.11599411815404892,
      0.14239227771759033,
      0.1628027707338333
    ],
    "max_other_class_id": [
      59,
      55,
      55,
      55,
      55,
      59,
      59,
      59,
      59,
      59,
      59,
      59,
      59,
      59,
      55,
      55,
      55,
      55,
      55,
      55,
      59,
      59,
      59,
      59,
      59,
      59,
      59,
      55,
      55,
      59,
      59,
      59,
      59,
      59,
      59,
      59,
      59,
      59,
      59,
      59,
      59,
      59,
      59,
      59,
      59,
      59,
      59,
      59,
      59,
      59,
      59,
      59,
      59,
      59,
      59
    ],
    "top_classes": []
  },
  "timestamp": "2026-03-01T14:34:25.866590"
}