{
  "source": "standard",
  "model": "resnet50",
  "image": "ILSVRC2012_val_00002134.JPEG",
  "mode": "opportunistic",
  "budget": 10000,
  "stability_threshold": 8,
  "iterations": 1,
  "success": true,
  "adversarial_class": 60,
  "true_label": 53,
  "switch_iteration": null,
  "locked_class": null,
  "confidence_history": {
    "iterations": [
      0,
      1
    ],
    "original_class": [
      0.06012551859021187,
      0.06012551859021187
    ],
    "max_other_class": [
      0.16381636261940002,
      0.16381636261940002
    ],
    "max_other_class_id": [
      60,
      60
    ],
    "top_classes": [
      {
        "60": 0.16381636261940002,
        "56": 0.09551838785409927,
        "63": 0.07161267101764679,
        "62": 0.06908627599477768,
        "52": 0.021692106500267982,
        "54": 0.018769854679703712,
        "58": 0.017204532399773598,
        "61": 0.016336936503648758,
        "68": 0.012830425053834915,
        "65": 0.012440366670489311
      },
      {
        "60": 0.16381636261940002,
        "56": 0.09551838785409927,
        "63": 0.07161267101764679,
        "62": 0.06908627599477768,
        "52": 0.021692106500267982,
        "54": 0.018769854679703712,
        "58": 0.017204532399773598,
        "61": 0.016336936503648758,
        "68": 0.012830425053834915,
        "65": 0.012440366670489311
      }
    ]
  },
  "timestamp": "2026-03-01T14:34:24.035635"
}