{
  "source": "standard",
  "model": "resnet50",
  "image": "ILSVRC2012_val_00000560.JPEG",
  "mode": "untargeted",
  "budget": 10000,
  "stability_threshold": 8,
  "iterations": 33,
  "success": true,
  "adversarial_class": 59,
  "true_label": 378,
  "switch_iteration": null,
  "locked_class": null,
  "confidence_history": {
    "iterations": [
      0,
      1,
      2,
      3,
      4,
      5,
      6,
      7,
      8,
      9,
      10,
      11,
      12,
      13,
      14,
      15,
      16,
      17,
      18,
      19,
      20,
      21,
      22,
      23,
      24,
      25,
      26,
      27,
      28,
      29,
      30,
      31,
      32,
      33
    ],
    "original_class": [
      0.1203002855181694,
      0.1203002855181694,
      0.1203002855181694,
      0.1203002855181694,
      0.1203002855181694,
      0.1203002855181694,
      0.1203002855181694,
      0.1203002855181694,
      0.1203002855181694,
      0.11753307282924652,
      0.11753307282924652,
      0.11753307282924652,
      0.11753307282924652,
      0.11753307282924652,
      0.11753307282924652,
      0.11753307282924652,
      0.11753307282924652,
      0.11753307282924652,
      0.11753307282924652,
      0.11753307282924652,
      0.11753307282924652,
      0.11753307282924652,
      0.11753307282924652,
      0.11753307282924652,
      0.11753307282924652,
      0.11753307282924652,
      0.11753307282924652,
      0.11753307282924652,
      0.11753307282924652,
      0.11753307282924652,
      0.11753307282924652,
      0.11753307282924652,
      0.11753307282924652,
      0.12039045989513397
    ],
    "max_other_class": [
      0.07103519886732101,
      0.07103519886732101,
      0.07103519886732101,
      0.07103519886732101,
      0.07103519886732101,
      0.07103519886732101,
      0.07103519886732101,
      0.07103519886732101,
      0.07103519886732101,
      0.0851559042930603,
      0.0851559042930603,
      0.0851559042930603,
      0.0851559042930603,
      0.0851559042930603,
      0.0851559042930603,
      0.0851559042930603,
      0.0851559042930603,
      0.0851559042930603,
      0.0851559042930603,
      0.0851559042930603,
      0.0851559042930603,
      0.0851559042930603,
      0.0851559042930603,
      0.0851559042930603,
      0.0851559042930603,
      0.0851559042930603,
      0.0851559042930603,
      0.0851559042930603,
      0.0851559042930603,
      0.0851559042930603,
      0.0851559042930603,
      0.0851559042930603,
      0.0851559042930603,
      0.1273370236158371
    ],
    "max_other_class_id": [
      59,
      59,
      59,
      59,
      59,
      59,
      59,
      59,
      59,
      59,
      59,
      59,
      59,
      59,
      59,
      59,
      59,
      59,
      59,
      59,
      59,
      59,
      59,
      59,
      59,
      59,
      59,
      59,
      59,
      59,
      59,
      59,
      59,
      59
    ],
    "top_classes": []
  },
  "timestamp": "2026-03-01T14:39:50.250628"
}