{
  "source": "standard",
  "model": "resnet50",
  "image": "ILSVRC2012_val_00000270.JPEG",
  "mode": "opportunistic",
  "budget": 10000,
  "stability_threshold": 8,
  "iterations": 20,
  "success": true,
  "adversarial_class": 38,
  "true_label": 44,
  "switch_iteration": null,
  "locked_class": null,
  "confidence_history": {
    "iterations": [
      0,
      1,
      2,
      3,
      4,
      5,
      6,
      7,
      8,
      9,
      10,
      11,
      12,
      13,
      14,
      15,
      16,
      17,
      18,
      19,
      20
    ],
    "original_class": [
      0.21353451907634735,
      0.19101767241954803,
      0.1677226722240448,
      0.1677226722240448,
      0.1677226722240448,
      0.1677226722240448,
      0.1677226722240448,
      0.1677226722240448,
      0.1677226722240448,
      0.1677226722240448,
      0.1677226722240448,
      0.1677226722240448,
      0.1677226722240448,
      0.16772253811359406,
      0.16772253811359406,
      0.16772253811359406,
      0.16772253811359406,
      0.16688650846481323,
      0.16688650846481323,
      0.16688650846481323,
      0.11425670236349106
    ],
    "max_other_class": [
      0.046375662088394165,
      0.08593303710222244,
      0.11651674658060074,
      0.11651674658060074,
      0.11651674658060074,
      0.11651674658060074,
      0.11651674658060074,
      0.11651674658060074,
      0.11651674658060074,
      0.11651674658060074,
      0.11651674658060074,
      0.11651674658060074,
      0.11651674658060074,
      0.11651687324047089,
      0.11651687324047089,
      0.11651687324047089,
      0.11651687324047089,
      0.07998773455619812,
      0.07998773455619812,
      0.07998773455619812,
      0.11740105599164963
    ],
    "max_other_class_id": [
      40,
      38,
      38,
      38,
      38,
      38,
      38,
      38,
      38,
      38,
      38,
      38,
      38,
      38,
      38,
      38,
      38,
      38,
      38,
      38,
      38
    ],
    "top_classes": [
      {
        "40": 0.046375662088394165,
        "854": 0.043628159910440445,
        "38": 0.02679891139268875,
        "26": 0.025071583688259125,
        "46": 0.015646860003471375,
        "27": 0.014107374474406242,
        "42": 0.009942164644598961,
        "463": 0.008412741124629974,
        "41": 0.007855239324271679,
        "25": 0.004930652212351561
      },
      {
        "38": 0.08593303710222244,
        "40": 0.08012407273054123,
        "46": 0.02757870964705944,
        "26": 0.019374677911400795,
        "854": 0.019065644592046738,
        "463": 0.012318381108343601,
        "41": 0.011171801015734673,
        "42": 0.009665403515100479,
        "27": 0.009234638884663582,
        "32": 0.008688723668456078
      },
      {
        "38": 0.11651674658060074,
        "40": 0.07708785682916641,
        "46": 0.022907404229044914,
        "463": 0.0175891425460577,
        "26": 0.015844374895095825,
        "41": 0.011744711548089981,
        "42": 0.00945967435836792,
        "868": 0.008385921828448772,
        "32": 0.008047167211771011,
        "27": 0.00795062631368637
      },
      {
        "38": 0.11651674658060074,
        "40": 0.07708785682916641,
        "46": 0.022907404229044914,
        "463": 0.0175891425460577,
        "26": 0.015844374895095825,
        "41": 0.011744711548089981,
        "42": 0.00945967435836792,
        "868": 0.008385921828448772,
        "32": 0.008047167211771011,
        "27": 0.00795062631368637
      },
      {
        "38": 0.11651674658060074,
        "40": 0.07708785682916641,
        "46": 0.022907404229044914,
        "463": 0.0175891425460577,
        "26": 0.015844374895095825,
        "41": 0.011744711548089981,
        "42": 0.00945967435836792,
        "868": 0.008385921828448772,
        "32": 0.008047167211771011,
        "27": 0.00795062631368637
      },
      {
        "38": 0.11651674658060074,
        "40": 0.07708785682916641,
        "46": 0.022907404229044914,
        "463": 0.0175891425460577,
        "26": 0.015844374895095825,
        "41": 0.011744711548089981,
        "42": 0.00945967435836792,
        "868": 0.008385921828448772,
        "32": 0.008047167211771011,
        "27": 0.00795062631368637
      },
      {
        "38": 0.11651674658060074,
        "40": 0.07708785682916641,
        "46": 0.022907404229044914,
        "463": 0.0175891425460577,
        "26": 0.015844374895095825,
        "41": 0.011744711548089981,
        "42": 0.00945967435836792,
        "868": 0.008385921828448772,
        "32": 0.008047167211771011,
        "27": 0.00795062631368637
      },
      {
        "38": 0.11651674658060074,
        "40": 0.07708785682916641,
        "46": 0.022907404229044914,
        "463": 0.0175891425460577,
        "26": 0.015844374895095825,
        "41": 0.011744711548089981,
        "42": 0.00945967435836792,
        "868": 0.008385921828448772,
        "32": 0.008047167211771011,
        "27": 0.00795062631368637
      },
      {
        "38": 0.11651674658060074,
        "40": 0.07708785682916641,
        "46": 0.022907404229044914,
        "463": 0.0175891425460577,
        "26": 0.015844374895095825,
        "41": 0.011744711548089981,
        "42": 0.00945967435836792,
        "868": 0.008385921828448772,
        "32": 0.008047167211771011,
        "27": 0.00795062631368637
      },
      {
        "38": 0.11651674658060074,
        "40": 0.07708785682916641,
        "46": 0.022907404229044914,
        "463": 0.0175891425460577,
        "26": 0.015844374895095825,
        "41": 0.011744711548089981,
        "42": 0.00945967435836792,
        "868": 0.008385921828448772,
        "32": 0.008047167211771011,
        "27": 0.00795062631368637
      },
      {
        "38": 0.11651674658060074,
        "40": 0.07708785682916641,
        "46": 0.022907404229044914,
        "463": 0.0175891425460577,
        "26": 0.015844374895095825,
        "41": 0.011744711548089981,
        "42": 0.00945967435836792,
        "868": 0.008385921828448772,
        "32": 0.008047167211771011,
        "27": 0.00795062631368637
      },
      {
        "38": 0.11651674658060074,
        "40": 0.07708785682916641,
        "46": 0.022907404229044914,
        "463": 0.0175891425460577,
        "26": 0.015844374895095825,
        "41": 0.011744711548089981,
        "42": 0.00945967435836792,
        "868": 0.008385921828448772,
        "32": 0.008047167211771011,
        "27": 0.00795062631368637
      },
      {
        "38": 0.11651674658060074,
        "40": 0.07708785682916641,
        "46": 0.022907404229044914,
        "463": 0.0175891425460577,
        "26": 0.015844374895095825,
        "41": 0.011744711548089981,
        "42": 0.00945967435836792,
        "868": 0.008385921828448772,
        "32": 0.008047167211771011,
        "27": 0.00795062631368637
      },
      {
        "38": 0.11651687324047089,
        "40": 0.07708782702684402,
        "46": 0.022907398641109467,
        "463": 0.017589135095477104,
        "26": 0.015844332054257393,
        "41": 0.011744696646928787,
        "42": 0.00945966225117445,
        "868": 0.008385919034481049,
        "32": 0.008047161623835564,
        "27": 0.007950618863105774
      },
      {
        "38": 0.11651687324047089,
        "40": 0.07708782702684402,
        "46": 0.022907398641109467,
        "463": 0.017589135095477104,
        "26": 0.015844332054257393,
        "41": 0.011744696646928787,
        "42": 0.00945966225117445,
        "868": 0.008385919034481049,
        "32": 0.008047161623835564,
        "27": 0.007950618863105774
      },
      {
        "38": 0.11651687324047089,
        "40": 0.07708782702684402,
        "46": 0.022907398641109467,
        "463": 0.017589135095477104,
        "26": 0.015844332054257393,
        "41": 0.011744696646928787,
        "42": 0.00945966225117445,
        "868": 0.008385919034481049,
        "32": 0.008047161623835564,