{
  "source": "standard",
  "model": "resnet50",
  "image": "ILSVRC2012_val_00000054.JPEG",
  "mode": "opportunistic",
  "budget": 10000,
  "stability_threshold": 8,
  "iterations": 1,
  "success": true,
  "adversarial_class": 56,
  "true_label": 60,
  "switch_iteration": null,
  "locked_class": null,
  "confidence_history": {
    "iterations": [
      0,
      1
    ],
    "original_class": [
      0.11677901446819305,
      0.11677901446819305
    ],
    "max_other_class": [
      0.27822861075401306,
      0.27822861075401306
    ],
    "max_other_class_id": [
      56,
      56
    ],
    "top_classes": [
      {
        "56": 0.27822861075401306,
        "68": 0.029832325875759125,
        "54": 0.01826169155538082,
        "66": 0.015561248175799847,
        "62": 0.012733738869428635,
        "67": 0.011862261220812798,
        "63": 0.008495631627738476,
        "53": 0.007545567117631435,
        "58": 0.005516574718058109,
        "52": 0.0054479241371154785
      },
      {
        "56": 0.27822861075401306,
        "68": 0.029832325875759125,
        "54": 0.01826169155538082,
        "66": 0.015561248175799847,
        "62": 0.012733738869428635,
        "67": 0.011862261220812798,
        "63": 0.008495631627738476,
        "53": 0.007545567117631435,
        "58": 0.005516574718058109,
        "52": 0.0054479241371154785
      }
    ]
  },
  "timestamp": "2026-03-01T14:37:50.666238"
}