{
  "source": "standard",
  "model": "resnet50",
  "image": "ILSVRC2012_val_00002085.JPEG",
  "mode": "opportunistic",
  "budget": 10000,
  "stability_threshold": 8,
  "iterations": 1,
  "success": true,
  "adversarial_class": 23,
  "true_label": 22,
  "switch_iteration": null,
  "locked_class": null,
  "confidence_history": {
    "iterations": [
      0,
      1
    ],
    "original_class": [
      0.013880010694265366,
      0.013880010694265366
    ],
    "max_other_class": [
      0.4458232820034027,
      0.4458232820034027
    ],
    "max_other_class_id": [
      23,
      23
    ],
    "top_classes": [
      {
        "23": 0.4458232820034027,
        "94": 0.045246321707963943,
        "18": 0.031062941998243332,
        "21": 0.01663457229733467,
        "93": 0.015460275113582611,
        "96": 0.013790756464004517,
        "16": 0.00752253970131278,
        "85": 0.005888005252927542,
        "15": 0.005366097204387188,
        "12": 0.004878663457930088
      },
      {
        "23": 0.4458232820034027,
        "94": 0.045246321707963943,
        "18": 0.031062941998243332,
        "21": 0.01663457229733467,
        "93": 0.015460275113582611,
        "96": 0.013790756464004517,
        "16": 0.00752253970131278,
        "85": 0.005888005252927542,
        "15": 0.005366097204387188,
        "12": 0.004878663457930088
      }
    ]
  },
  "timestamp": "2026-03-01T15:07:40.793625"
}