{
  "source": "standard",
  "model": "resnet50",
  "image": "ILSVRC2012_val_00000561.JPEG",
  "mode": "opportunistic",
  "budget": 10000,
  "stability_threshold": 8,
  "iterations": 1,
  "success": true,
  "adversarial_class": 73,
  "true_label": 119,
  "switch_iteration": null,
  "locked_class": null,
  "confidence_history": {
    "iterations": [
      0,
      1
    ],
    "original_class": [
      0.003341149305924773,
      0.003341149305924773
    ],
    "max_other_class": [
      0.06941456347703934,
      0.06941456347703934
    ],
    "max_other_class_id": [
      73,
      73
    ],
    "top_classes": [
      {
        "73": 0.06941456347703934,
        "113": 0.052250832319259644,
        "66": 0.040887683629989624,
        "52": 0.03547380119562149,
        "62": 0.0352434366941452,
        "77": 0.035060685127973557,
        "32": 0.029976097866892815,
        "68": 0.028331836685538292,
        "78": 0.02604879066348076,
        "54": 0.025033848360180855
      },
      {
        "73": 0.06941456347703934,
        "113": 0.052250832319259644,
        "66": 0.040887683629989624,
        "52": 0.03547380119562149,
        "62": 0.0352434366941452,
        "77": 0.035060685127973557,
        "32": 0.029976097866892815,
        "68": 0.028331836685538292,
        "78": 0.02604879066348076,
        "54": 0.025033848360180855
      }
    ]
  },
  "timestamp": "2026-03-01T20:11:15.769611"
}