{
  "source": "standard",
  "model": "resnet50",
  "image": "ILSVRC2012_val_00001964.JPEG",
  "mode": "opportunistic",
  "budget": 10000,
  "stability_threshold": 8,
  "iterations": 1,
  "success": true,
  "adversarial_class": 67,
  "true_label": 68,
  "switch_iteration": null,
  "locked_class": null,
  "confidence_history": {
    "iterations": [
      0,
      1
    ],
    "original_class": [
      0.25410380959510803,
      0.25410380959510803
    ],
    "max_other_class": [
      0.28191232681274414,
      0.28191232681274414
    ],
    "max_other_class_id": [
      67,
      67
    ],
    "top_classes": [
      {
        "67": 0.28191232681274414,
        "66": 0.049149107187986374,
        "60": 0.012332761660218239,
        "54": 0.006683995481580496,
        "62": 0.004291902761906385,
        "63": 0.0019293505465611815,
        "56": 0.0017956839874386787,
        "61": 0.0014343596994876862,
        "64": 0.0014117987593635917,
        "328": 0.0013252274366095662
      },
      {
        "67": 0.28191232681274414,
        "66": 0.049149107187986374,
        "60": 0.012332761660218239,
        "54": 0.006683995481580496,
        "62": 0.004291902761906385,
        "63": 0.0019293505465611815,
        "56": 0.0017956839874386787,
        "61": 0.0014343596994876862,
        "64": 0.0014117987593635917,
        "328": 0.0013252274366095662
      }
    ]
  },
  "timestamp": "2026-03-01T14:42:26.184340"
}