{
  "source": "standard",
  "model": "resnet50",
  "image": "ILSVRC2012_val_00000560.JPEG",
  "mode": "opportunistic",
  "budget": 10000,
  "stability_threshold": 8,
  "iterations": 33,
  "success": true,
  "adversarial_class": 59,
  "true_label": 378,
  "switch_iteration": null,
  "locked_class": null,
  "confidence_history": {
    "iterations": [
      0,
      1,
      2,
      3,
      4,
      5,
      6,
      7,
      8,
      9,
      10,
      11,
      12,
      13,
      14,
      15,
      16,
      17,
      18,
      19,
      20,
      21,
      22,
      23,
      24,
      25,
      26,
      27,
      28,
      29,
      30,
      31,
      32,
      33
    ],
    "original_class": [
      0.1203002855181694,
      0.1203002855181694,
      0.1203002855181694,
      0.1203002855181694,
      0.1203002855181694,
      0.1203002855181694,
      0.1203002855181694,
      0.1203002855181694,
      0.1203002855181694,
      0.11753307282924652,
      0.11753307282924652,
      0.11753307282924652,
      0.11753307282924652,
      0.11753307282924652,
      0.11753307282924652,
      0.11753307282924652,
      0.11753307282924652,
      0.11753307282924652,
      0.11753307282924652,
      0.11753307282924652,
      0.11753307282924652,
      0.11753307282924652,
      0.11753307282924652,
      0.11753307282924652,
      0.11753307282924652,
      0.11753307282924652,
      0.11753307282924652,
      0.11753307282924652,
      0.11753307282924652,
      0.11753307282924652,
      0.11753307282924652,
      0.11753307282924652,
      0.11753307282924652,
      0.12039045989513397
    ],
    "max_other_class": [
      0.07103519886732101,
      0.07103519886732101,
      0.07103519886732101,
      0.07103519886732101,
      0.07103519886732101,
      0.07103519886732101,
      0.07103519886732101,
      0.07103519886732101,
      0.07103519886732101,
      0.0851559042930603,
      0.0851559042930603,
      0.0851559042930603,
      0.0851559042930603,
      0.0851559042930603,
      0.0851559042930603,
      0.0851559042930603,
      0.0851559042930603,
      0.0851559042930603,
      0.0851559042930603,
      0.0851559042930603,
      0.0851559042930603,
      0.0851559042930603,
      0.0851559042930603,
      0.0851559042930603,
      0.0851559042930603,
      0.0851559042930603,
      0.0851559042930603,
      0.0851559042930603,
      0.0851559042930603,
      0.0851559042930603,
      0.0851559042930603,
      0.0851559042930603,
      0.0851559042930603,
      0.1273370236158371
    ],
    "max_other_class_id": [
      59,
      59,
      59,
      59,
      59,
      59,
      59,
      59,
      59,
      59,
      59,
      59,
      59,
      59,
      59,
      59,
      59,
      59,
      59,
      59,
      59,
      59,
      59,
      59,
      59,
      59,
      59,
      59,
      59,
      59,
      59,
      59,
      59,
      59
    ],
    "top_classes": [
      {
        "59": 0.07103519886732101,
        "382": 0.053730472922325134,
        "380": 0.029598001390695572,
        "55": 0.019695734605193138,
        "379": 0.019345620647072792,
        "364": 0.015393934212625027,
        "381": 0.014703294262290001,
        "96": 0.014462725259363651,
        "46": 0.012307407334446907,
        "376": 0.011688676662743092
      },
      {
        "59": 0.07103519886732101,
        "382": 0.053730472922325134,
        "380": 0.029598001390695572,
        "55": 0.019695734605193138,
        "379": 0.019345620647072792,
        "364": 0.015393934212625027,
        "381": 0.014703294262290001,
        "96": 0.014462725259363651,
        "46": 0.012307407334446907,
        "376": 0.011688676662743092
      },
      {
        "59": 0.07103519886732101,
        "382": 0.053730472922325134,
        "380": 0.029598001390695572,
        "55": 0.019695734605193138,
        "379": 0.019345620647072792,
        "364": 0.015393934212625027,
        "381": 0.014703294262290001,
        "96": 0.014462725259363651,
        "46": 0.012307407334446907,
        "376": 0.011688676662743092
      },
      {
        "59": 0.07103519886732101,
        "382": 0.053730472922325134,
        "380": 0.029598001390695572,
        "55": 0.019695734605193138,
        "379": 0.019345620647072792,
        "364": 0.015393934212625027,
        "381": 0.014703294262290001,
        "96": 0.014462725259363651,
        "46": 0.012307407334446907,
        "376": 0.011688676662743092
      },
      {
        "59": 0.07103519886732101,
        "382": 0.053730472922325134,
        "380": 0.029598001390695572,
        "55": 0.019695734605193138,
        "379": 0.019345620647072792,
        "364": 0.015393934212625027,
        "381": 0.014703294262290001,
        "96": 0.014462725259363651,
        "46": 0.012307407334446907,
        "376": 0.011688676662743092
      },
      {
        "59": 0.07103519886732101,
        "382": 0.053730472922325134,
        "380": 0.029598001390695572,
        "55": 0.019695734605193138,
        "379": 0.019345620647072792,
        "364": 0.015393934212625027,
        "381": 0.014703294262290001,
        "96": 0.014462725259363651,
        "46": 0.012307407334446907,
        "376": 0.011688676662743092
      },
      {
        "59": 0.07103519886732101,
        "382": 0.053730472922325134,
        "380": 0.029598001390695572,
        "55": 0.019695734605193138,
        "379": 0.019345620647072792,
        "364": 0.015393934212625027,
        "381": 0.014703294262290001,
        "96": 0.014462725259363651,
        "46": 0.012307407334446907,
        "376": 0.011688676662743092
      },
      {
        "59": 0.07103519886732101,
        "382": 0.053730472922325134,
        "380": 0.029598001390695572,
        "55": 0.019695734605193138,
        "379": 0.019345620647072792,
        "364": 0.015393934212625027,
        "381": 0.014703294262290001,
        "96": 0.014462725259363651,
        "46": 0.012307407334446907,
        "376": 0.011688676662743092
      },
      {
        "59": 0.07103519886732101,
        "382": 0.053730472922325134,
        "380": 0.029598001390695572,
        "55": 0.019695734605193138,
        "379": 0.019345620647072792,
        "364": 0.015393934212625027,
        "381": 0.014703294262290001,
        "96": 0.014462725259363651,
        "46": 0.012307407334446907,
        "376": 0.011688676662743092
      },
      {
        "59": 0.0851559042930603,
        "380": 0.0428953617811203,
        "382": 0.033156245946884155,
        "379": 0.02390604466199875,
        "364": 0.022875558584928513,
        "956": 0.020203541964292526,
        "384": 0.018036963418126106,
        "313": 0.015859313309192657,
        "55": 0.015820680186152458,
        "95": 0.014219895005226135
      },
      {
        "59": 0.0851559042930603,
        "380": 0.0428953617811203,
        "382": 0.033156245946884155,
        "379": 0.02390604466199875,
        "364": 0.022875558584928513,
        "956": 0.020203541964292526,
        "384": 0.018036963418126106,
        "313": 0.015859313309192657,
        "55": 0.015820680186152458,
        "95": 0.014219895005226135
      },
      {
        "59": 0.0851559042930603,
        "380": 0.0428953617811203,
        "382": 0.033156245946884155,
        "379": 0.02390604466199875,
        "364": 0.022875558584928513,
        "956": 0.020203541964292526,
        "384": 0.018036963418126106,
        "313": 0.015859313309192657,
        "55": 0.015820680186152458,
        "95": 0.014219895005226135
      },
      {
        "59": 0.0851559042930603,
        "380": 0.0428953617811203,
        "382": 0.033156245946884155,
        "379": 0.02390604466199875,
        "364": 0.022875558584928513,
        "956": 0.020203541964292526,
        "384": 0.018036963418126106,
        "313": 0.015859313309192657,
        "55": 0.015820680186152458,
        "95": 0.014219895005226135
      },
      {
        "59": 0.0851559042930603,
        "380": 0.0428953617811203,
        "382": 0.033156245946884155,